solver,result
lbfgs,0.38304392237
sgd,0.390960163432
adam,0.356996935649
